birthplace,date_of_birth,race_ethnicity,sexual_orientation,year_of_award,award,movie,person,Coordinates
Chisinau_Moldova,1895-09-30,White,Straight,1927,Best_Director,Two_Arabian_Knights,Lewis_Milestone,"[47.010452, 28.86381]"
Glasgow_Scotland,1886-02-02,White,Straight,1930,Best_Director,The_Divine_Lady,Frank_Lloyd,"[55.864237, -4.251806]"
Chisinau_Moldova,1895-09-30,White,Straight,1931,Best_Director,All_Quiet_on_the_Western_Front,Lewis_Milestone,"[47.010452, 28.86381]"
Chicago_Il,1899-02-23,White,Straight,1932,Best_Director,Skippy,Norman_Taurog,"[41.878113, -87.629799]"
Salt_Lake_City_Ut,1894-04-23,White,Straight,1933,Best_Director,Bad_Girl,Frank_Borzage,"[40.760779, -111.891047]"
Glasgow_Scotland,1886-02-02,White,Straight,1934,Best_Director,Cavalcade,Frank_Lloyd,"[55.864237, -4.251806]"
Bisacquino_Sicily_Italy,1897-05-18,White,Straight,1935,Best_Director,It_Happened_One_Night,Frank_Capra,"[37.795041, 13.258076]"
Cape_Elizabeth_Me,1894-02-01,White,Bisexual,1936,Best_Director,The_Informer,John_Ford,"[43.563484, -70.22682]"
Bisacquino_Sicily_Italy,1897-05-18,White,Straight,1937,Best_Director,Mr_Deeds_Goes_to_Town,Frank_Capra,"[37.795041, 13.258076]"
Los_Angeles_Ca,1898-10-03,White,Straight,1938,Best_Director,The_Awful_Truth,Leo_McCarey,"[34.052235, -118.243683]"
Bisacquino_Sicily_Italy,1897-05-18,White,Straight,1939,Best_Director,You_Cant_Take_It_with_You,Frank_Capra,"[37.795041, 13.258076]"
Pasadena_Ca,1883-02-23,White,Straight,1940,Best_Director,Gone_with_the_Wind,Victor_Fleming,"[34.147785, -118.144515]"
Cape_Elizabeth_Me,1894-02-01,White,Bisexual,1941,Best_Director,The_Grapes_of_Wrath,John_Ford,"[43.563484, -70.22682]"
Cape_Elizabeth_Me,1894-02-01,White,Bisexual,1942,Best_Director,How_Green_Was_My_Valley,John_Ford,"[43.563484, -70.22682]"
Mulhouse_HautRhin_Alsace_France,1902-07-01,White,Straight,1943,Best_Director,Mrs_Miniver,William_Wyler,"[47.750839, 7.335888]"
Budapest_Hungary,1886-12-24,White,Straight,1944,Best_Director,Casablanca,Michael_Curtiz,"[47.497913, 19.040236]"
Los_Angeles_Ca,1898-10-03,White,Straight,1945,Best_Director,Going_My_Way,Leo_McCarey,"[34.052235, -118.243683]"
New_York_City,1918-10-11,White,Gay,1962,Best_Director,West_Side_Story,Jerome_Robbins,"[40.712776, -74.005974]"
Sucha_Galicia_Austria,,White,Straight,1946,Best_Director,The_Lost_Weekend,Billy_Wilder,"[49.634785, 22.67423]"
Mulhouse_HautRhin_Alsace_France,1902-07-01,White,Straight,1947,Best_Director,The_Best_Years_of_Our_Lives,William_Wyler,"[47.750839, 7.335888]"
Istanbul_Turkey,1909-09-07,White,Straight,1948,Best_Director,Gentlemans_Agreement,Elia_Kazan,"[41.008237, 28.97836]"
Nevada_Mo,,White,Straight,1949,Best_Director,The_Treasure_of_the_Sierra_Madre,John_Huston,"[37.839333, -94.354869]"
WilkesBarre_Pa,1909-02-11,White,Straight,1950,Best_Director,A_Letter_to_Three_Wives,Joseph_L_Mankiewicz,"[41.245914, -75.881307]"
WilkesBarre_Pa,1909-02-11,White,Straight,1951,Best_Director,All_About_Eve,Joseph_L_Mankiewicz,"[41.245914, -75.881307]"
Oakland_Ca,1904-12-18,White,Straight,1952,Best_Director,A_Place_in_the_Sun,George_Stevens,"[37.804363, -122.271111]"
Cape_Elizabeth_Me,1894-02-01,White,Bisexual,1953,Best_Director,The_Quiet_Man,John_Ford,"[43.563484, -70.22682]"
Vienna_Austria,1907-04-29,White,Straight,1954,Best_Director,From_Here_to_Eternity,Fred_Zinnemann,"[48.208354, 16.372504]"
Istanbul_Turkey,1909-09-07,White,Straight,1955,Best_Director,On_the_Waterfront,Elia_Kazan,"[41.008237, 28.97836]"
Lawrence_Ks,1920-01-30,White,Straight,1956,Best_Director,Marty,Delbert_Mann,"[38.971669, -95.23525]"
Oakland_Ca,1904-12-18,White,Straight,1957,Best_Director,Giant,George_Stevens,"[37.804363, -122.271111]"
Croydon_Surrey_England,1908-03-25,White,Straight,1958,Best_Director,The_Bridge_on_the_River_Kwai,David_Lean,"[51.376165, -0.098234]"
Chicago_Il,1903-02-28,White,Bisexual,1959,Best_Director,Gigi,Vincente_Minnelli,"[41.878113, -87.629799]"
Mulhouse_HautRhin_Alsace_France,1902-07-01,White,Straight,1960,Best_Director,BenHur,William_Wyler,"[47.750839, 7.335888]"
Sucha_Galicia_Austria,,White,Straight,1961,Best_Director,The_Apartment,Billy_Wilder,"[49.634785, 22.67423]"
Winchester_In,1914-09-10,White,Straight,1961,Best_Director,West_Side_Story,Robert_Wise,"[40.174554, -85.488863]"
Croydon_Surrey_England,1908-03-25,White,Straight,1963,Best_Director,Lawrence_of_Arabia,David_Lean,"[51.376165, -0.098234]"
Shipley_Yorkshire_England,1928-06-05,White,Bisexual,1964,Best_Director,Tom_Jones,Tony_Richardson,"[53.833333, -1.783333]"
New_York_City,1899-07-07,White,Gay,1965,Best_Director,My_Fair_Lady,George_Cukor,"[40.712776, -74.005974]"
Winchester_In,1914-09-10,White,Straight,1966,Best_Director,The_Sound_of_Music,Robert_Wise,"[40.174554, -85.488863]"
Vienna_Austria,1907-04-29,White,Straight,1967,Best_Director,A_Man_for_All_Seasons,Fred_Zinnemann,"[48.208354, 16.372504]"
Berlin_Germany,1931-11-06,White,Straight,1968,Best_Director,The_Graduate,Mike_Nichols,"[52.520008, 13.404954]"
St_Louis_Park_Mn,1954-11-29,White,Straight,2008,Best_Director,No_Country_for_Old_Men,Joel_Coen,"[44.948333, -93.348611]"
London_England,1906-12-30,White,Straight,1969,Best_Director,Oliver,Carol_Reed,"[51.507351, -0.127758]"
London_England,1926-02-16,White,Gay,1969,Best_Director,Midnight_Cowboy,John_Schlesinger,"[51.507351, -0.127758]"
Tokyo_Japan,1920-05-30,White,Straight,1970,Best_Director,Patton,Franklin_J_Schaffner,"[35.682839, 139.759455]"
Chicago_Il,1935-08-29,White,Straight,1972,Best_Director,The_French_Connection,William_Friedkin,"[41.878113, -87.629799]"
Chicago_Il,1927-06-23,White,Straight,1973,Best_Director,Cabaret,Bob_Fosse,"[41.878113, -87.629799]"
Minneapolis_Mn,1921-12-20,White,Straight,1973,Best_Director,The_Sting,George_Roy_Hill,"[44.977753, -93.265011]"
Detroit_Mi,1939-04-07,White,Straight,1975,Best_Director,The_Godfather_Part_II,Francis_Ford_Coppola,"[42.331429, -83.045753]"
CÌÁslav_Czechoslovakia,1932-02-18,White,Straight,1976,Best_Director,One_Flew_over_the_Cuckoos_Nest,Milos_Forman,"[49.903761, 15.377264]"
Oak_Park_Il,1935-12-21,White,Straight,1976,Best_Director,Rocky,John_G_Avildsen,"[41.885031, -87.784502]"
Brooklyn_Ny,1935-12-01,White,Straight,1978,Best_Director,Annie_Hall,Woody_Allen,"[40.650002, -73.949997]"
New_York_City,1939-02-03,White,Straight,1979,Best_Director,The_Deer_Hunter,Michael_Cimino,"[40.712776, -74.005974]"
Waxahachie_Tx,1932-09-29,White,Straight,1980,Best_Director,Kramer_vs_Kramer,Robert_Benton,"[32.386433, -96.848331]"
Santa_Monica_Ca,1936-08-18,White,Straight,1980,Best_Director,Ordinary_People,Robert_Redford,"[34.019394, -118.491191]"
Richmond_Va,1937-03-30,White,Straight,1981,Best_Director,Reds,Warren_Beatty,"[37.540726, -77.43605]"
Cambridge_England,1923-08-29,White,Straight,1982,Best_Director,Gandhi,Richard_Attenborough,"[52.205276, 0.119167]"
North_Bergen_Nj,1940-05-09,White,Straight,1983,Best_Director,Terms_of_Endearment,James_L_Brooks,"[40.804283, -74.012083]"
CÌÁslav_Czechoslovakia,1932-02-18,White,Straight,1985,Best_Director,Amadeus,Milos_Forman,"[49.903761, 15.377264]"
Lafayette_In,1934-07-01,White,Straight,1986,Best_Director,Out_of_Africa,Sydney_Pollack,"[40.416702, -86.875286]"
New_York_City,1946-09-15,White,Straight,1990,Best_Director,Platoon,Oliver_Stone,"[40.712776, -74.005974]"
Parma_EmiliaRomagna_Italy,1941-03-16,White,Straight,1988,Best_Director,The_Last_Emperor,Bernardo_Bertolucci,"[44.801485, 10.327903]"
Baltimore_Md,1942-04-06,White,Straight,1989,Best_Director,Rain_Man,Barry_Levinson,"[39.290386, -76.61219]"
New_York_City,1946-09-15,White,Straight,1990,Best_Director,Born_on_the_Fourth_of_July,Oliver_Stone,"[40.712776, -74.005974]"
Lynwood_Ca,1955-01-18,White,Straight,1991,Best_Director,Dances_with_Wolves,Kevin_Costner,"[33.930293, -118.21146]"
Baldwin_Ny,1944-02-22,White,Straight,1992,Best_Director,The_Silence_of_the_Lambs,Jonathan_Demme,"[40.652954, -73.607159]"
San_Francisco_Ca,1930-05-31,White,Straight,1993,Best_Director,Unforgiven,Clint_Eastwood,"[37.774929, -122.419418]"
Cincinnati_Oh,1946-12-18,White,Straight,1994,Best_Director,Schindlers_List,Steven_Spielberg,"[39.103119, -84.512016]"
Chicago_Il,1952-05-14,White,Straight,1995,Best_Director,Forrest_Gump,Robert_Zemeckis,"[41.878113, -87.629799]"
Peekskill_Ny,1956-01-03,White,Straight,1996,Best_Director,Braveheart,Mel_Gibson,"[41.290387, -73.920857]"
Ryde_Isle_of_Wight_England,1954-01-06,White,Straight,1997,Best_Director,The_English_Patient,Anthony_Minghella,"[50.730548, -1.160299]"
Kapuskasing_Ontario_Canada,1954-08-16,White,Straight,1998,Best_Director,Titanic,James_Cameron,"[49.416668, -82.433334]"
Cincinnati_Oh,1946-12-18,White,Straight,1999,Best_Director,Saving_Private_Ryan,Steven_Spielberg,"[39.103119, -84.512016]"
Reading_Berkshire_England,1965-08-01,White,Straight,2000,Best_Director,American_Beauty,Sam_Mendes,"[51.454514, -0.973168]"
Atlanta_Ga,1963-01-14,White,Straight,2001,Best_Director,Traffic,Steven_Soderbergh,"[33.748997, -84.387985]"
Duncan_Ok,1954-03-01,White,Straight,2002,Best_Director,A_Beautiful_Mind,Ron_Howard,"[34.502303, -97.957813]"
Paris_France,1933-08-18,White,Straight,2003,Best_Director,The_Pianist,Roman_Polanski,"[48.856613, 2.352222]"
Wellington_New_Zealand,1961-10-31,White,Straight,2004,Best_Director,The_Lord_of_the_Rings_Return_of_the_King,Peter_Jackson,"[-41.28664, 174.77557]"
San_Francisco_Ca,1930-05-31,White,Straight,2005,Best_Director,Million_Dollar_Baby,Clint_Eastwood,"[37.774929, -122.419418]"
Pingtung_Taiwan,1954-10-23,Asian,Straight,2006,Best_Director,Brokeback_Mountain,Ang_Lee,"[22.681614, 120.481592]"
Flushing_Ny,1942-11-17,White,Straight,2007,Best_Director,The_Departed,Martin_Scorsese,"[40.764462, -73.831693]"
St_Louis_Park_Mn,1957-09-21,White,Straight,2008,Best_Director,No_Country_for_Old_Men,Ethan_Coen,"[44.948333, -93.348611]"
Manchester_England,1956-10-20,White,Straight,2009,Best_Director,Slumdog_Millionaire,Danny_Boyle,"[53.480759, -2.242631]"
San_Carlos_Ca,1951-11-27,White,Straight,2009,Best_Director,The_Hurt_Locker,Kathryn_Bigelow,"[37.504311, -122.261796]"
London_England,1972-01-01,White,Straight,2011,Best_Director,The_Kings_Speech,Tom_Hooper,"[51.507351, -0.127758]"
Paris_France,1967-03-29,White,Straight,2012,Best_Director,The_Artist,Michel_Hazanavicius,"[48.856613, 2.352222]"
Pingtung_Taiwan,1954-10-23,Asian,Straight,2013,Best_Director,Life_of_Pi,Ang_Lee,"[22.681614, 120.481592]"
Rorschach_Switzerland,1884-07-23,White,Bisexual,1929,Best_Actor,The_Last_Command,Emil_Jannings,"[47.477522, 9.482359]"
Columbus_Oh,1889-03-29,White,Straight,1930,Best_Actor,In_Old_Arizona,Warner_Baxter,"[39.961178, -82.998795]"
London_England,1868-04-10,White,Straight,1930,Best_Actor,Desraeli,George_Arliss,"[51.507351, -0.127758]"
Philadelphia_Pa,1878-04-28,White,Straight,1931,Best_Actor,A_Free_Soul,Lionel_Barrymore,"[39.952583, -75.165222]"
Kansas_City_Mo,1885-04-01,White,Straight,1932,Best_Actor,The_Champ,Wallace_Beery,"[39.099731, -94.578568]"
Victoria_Hotel_Scarborough_Yorkshire_England,1899-07-01,White,Gay,1934,Best_Actor,The_Private_Life_of_Henry_VIII,Charles_Laughton,"[54.283333, -0.4]"
Cadiz_Oh,1901-02-01,White,Straight,1935,Best_Actor,It_Happened_One_Night,Clark_Gable,"[40.273703, -81.865104]"
Tunbridge_Wells_Kent_England,1883-12-11,White,Straight,1936,Best_Actor,The_Informer,Victor_McLaglen,"[51.132377, 0.263695]"
Lviv_Ukraine,1895-09-22,White,Straight,1937,Best_Actor,The_Story_of_Louis_Pasteur,Paul_Muni,"[49.839684, 24.029717]"
Milwaukee_Wi,1900-04-05,White,Straight,1938,Best_Actor,Captains_Courageous,Spencer_Tracy,"[43.038902, -87.906471]"
Milwaukee_Wi,1900-04-05,White,Straight,1939,Best_Actor,Boys_Town,Spencer_Tracy,"[43.038902, -87.906471]"
Withington_Manchester_England,1905-03-18,White,Straight,1940,Best_Actor,Goodbye_Mr_Chips,Robert_Donat,"[53.441143, -2.257355]"
Indiana_Pa,1908-05-20,White,Straight,1941,Best_Actor,The_Philadelphia_Story,Jimmy_Stewart,"[40.621212, -79.15295]"
Helena_Mt,1901-05-07,White,Straight,1942,Best_Actor,Sergeant_York,Gary_Cooper,"[46.58976, -112.03912]"
Manhattan_Ny,1899-07-17,White,Straight,1943,Best_Actor,Yankee_Doodle_Dandy,James_Cagney,"[40.78343, -73.96625]"
Budapest_Hungary,1887-05-26,White,Straight,1944,Best_Actor,Watch_on_the_Rhine,Paul_Lukas,"[47.497913, 19.040236]"
Tacoma_Wa,1903-05-03,White,Straight,1945,Best_Actor,Going_My_Way,Bing_Crosby,"[47.252877, -122.44429]"
Neath_Wales,1907-01-03,White,Straight,1946,Best_Actor,The_Lost_Weekend,Ray_Milland,"[51.661385, -3.804017]"
Racine_Wi,1897-08-31,White,Straight,1947,Best_Actor,The_Best_Years_of_Our_Lives,Fredric_March,"[42.726131, -87.782852]"
Richmond_Surrey_England,1891-02-09,White,Straight,1948,Best_Actor,A_Double_Life,Ronald_Colman,"[51.461311, -0.303742]"
Dorking_Surrey_England,1907-05-22,White,Bisexual,1949,Best_Actor,Hamlet,Laurence_Olivier,"[51.231049, -0.324404]"
Philadelphia_Pa,1911-12-09,White,Straight,1950,Best_Actor,All_The_Kings_Men,Broderick_Crawford,"[39.952583, -75.165222]"
Santurce_Puerto_Rico,1909-01-08,Hispanic,Straight,1951,Best_Actor,Cyrano_de_Bergerac,Jose_Ferrer,"[18.439216, -66.061967]"
New_York_City,1899-12-25,White,Straight,1952,Best_Actor,The_Africa_Queen,Humphrey_Bogart,"[40.712776, -74.005974]"
Helena_Mt,1901-05-07,White,Straight,1953,Best_Actor,High_Noon,Gary_Cooper,"[46.58976, -112.03912]"
Ofallon_Il,1918-04-17,White,Straight,1954,Best_Actor,Stalag_17,William_Holden,"[38.592323, -89.910989]"
Omaha_Ne,1924-04-03,White,Bisexual,1955,Best_Actor,On_the_Waterfront,Marlon_Brando,"[41.256535, -95.934502]"
Hamden_Ct,1917-01-24,White,Straight,1956,Best_Actor,Marty,Ernest_Borgnine,"[41.383878, -72.902606]"
Vladivostok_Russia,1920-07-11,White,Straight,1957,Best_Actor,The_King_and_I,Yul_Brynner,"[43.115536, 131.885485]"
London_England,1914-04-02,White,Bisexual,1958,Best_Actor,The_Bridge_on_the_River_Kwai,Alec_Guinness,"[51.507351, -0.127758]"
London_England,1909-03-01,White,Straight,1959,Best_Actor,Separate_Tables,David_Niven,"[51.507351, -0.127758]"
Evanston_Il,1923-10-04,White,Straight,1960,Best_Actor,Benhur,Charlton_Heston,"[42.044738, -87.693046]"
New_York_City,1913-11-02,White,Straight,1961,Best_Actor,Elmer_Gantry,Burt_Lancaster,"[40.712776, -74.005974]"
Vienna_Austria,1930-12-08,White,Straight,1962,Best_Actor,Judgement_at_Nuremberg,Maximilian_Schell,"[48.208354, 16.372504]"
La_Jolla_Ca,1916-04-05,White,Straight,1963,Best_Actor,To_Kill_a_Mockingbird,Gregory_Peck,"[32.832811, -117.271272]"
Miami_Fl,1927-02-20,Black,Straight,1964,Best_Actor,Lilies_of_the_Field,Sidney_Poitier,"[25.76168, -80.19179]"
Huyton_Lancashire_England,1908-03-05,White,Straight,1965,Best_Actor,My_Fair_Lady,Rex_Harrison,"[53.408371, -2.839239]"
New_York_City,1924-02-19,White,Straight,1966,Best_Actor,Cat_Ballou,Lee_Marvin,"[40.712776, -74.005974]"
Hurstpierpoint_West_Sussex_England,1922-01-21,White,Straight,1967,Best_Actor,A_Man_For_All_Seasons,Paul_Scofield,"[50.93824, -0.235722]"
Westhampton_Ny,1925-04-14,White,Straight,1968,Best_Actor,In_the_Heat_of_the_Night,Rod_Steiger,"[40.830132, -72.689713]"
La_Jolla_Ca,1923-09-09,White,Straight,1969,Best_Actor,Charly,Cliff_Robertson,"[32.832811, -117.271272]"
Winterset_Ia,1907-05-26,White,Straight,1970,Best_Actor,True_Grit,John_Wayne,"[41.330863, -94.013631]"
Wise_Va,1927-10-18,White,Straight,1971,Best_Actor,Patton,George_C_Scott,"[36.975942, -82.575234]"
San_Bernardino_Ca,1930-01-30,White,Straight,1972,Best_Actor,The_French_Connection,Gene_Hackman,"[34.10834, -117.289765]"
Omaha_Ne,1924-04-03,White,Bisexual,1973,Best_Actor,The_Godfather,Marlon_Brando,"[41.256535, -95.934502]"
Newton_Ma,1925-02-08,White,Straight,1974,Best_Actor,Save_the_Tiger,Jack_Lemmon,"[42.33698, -71.209221]"
Mount_Vernon_Ny,1918-11-04,White,Straight,1975,Best_Actor,Harry_and_Tonto,Art_Carney,"[40.9126, -73.8371]"
New_York_City,1937-04-22,White,Straight,1976,Best_Actor,One_Flew_Over_the_Cuckoos_Nest,Jack_Nicholson,"[40.712776, -74.005974]"
South_Kensington_London_England,1916-09-28,White,Straight,1977,Best_Actor,Network,Peter_Finch,"[51.494067, -0.174604]"
Brooklyn_Ny,1947-10-29,White,Straight,1978,Best_Actor,The_Goodbye_Girl,Richard_Dreyfuss,"[40.650002, -73.949997]"
Yonkers_Ny,1938-12-29,White,Straight,1979,Best_Actor,Coming_Home,Jon_Voight,"[40.93121, -73.89875]"
Los_Angeles_Ca,1937-08-08,White,Straight,1980,Best_Actor,Kramer_vs_Kramer,Dustin_Hoffman,"[34.052235, -118.243683]"
New_York_City,1943-08-17,White,Straight,1981,Best_Actor,Raging_Bull,Robert_De_Niro,"[40.712776, -74.005974]"
Grand_Island_Ne,1905-05-16,White,Straight,1982,Best_Actor,On_Golden_Pond,Henry_Fonda,"[40.926395, -98.342013]"
Scarborough_Yorkshire_England,1943-12-31,Multiracial,Straight,1983,Best_Actor,Gandhi,Ben_Kingsley,"[54.282879, -0.401187]"
San_Diego_Ca,1931-01-05,White,Straight,1984,Best_Actor,Tender_Mercies,Robert_Duvall,"[32.715736, -117.161087]"
Pittsburgh_Pa,1939-10-24,Middle_Eastern,Straight,1985,Best_Actor,Amadeus,F_Murray_Abraham,"[40.440624, -79.995888]"
Washington_Dc,1950-03-20,White,Straight,1986,Best_Actor,Kiss_of_the_Spider_Woman,William_Hurt,"[38.89511, -77.03637]"
Shaker_Heights_Oh,1925-01-26,White,Straight,1987,Best_Actor,The_Color_of_Money,Paul_Newman,"[41.473942, -81.53767]"
New_Brunswick_Nj,1944-09-25,White,Straight,1988,Best_Actor,Wall_Street,Michael_Douglas,"[40.486217, -74.451817]"
Los_Angeles_Ca,1937-08-08,White,Straight,1989,Best_Actor,Rainman,Dustin_Hoffman,"[34.052235, -118.243683]"
London_England,1957-04-29,White,Straight,1990,Best_Actor,My_Left_Foot,Daniel_DayLewis,"[51.507351, -0.127758]"
Cowes_Isle_of_Wight_England,1948-09-19,White,Straight,1991,Best_Actor,Reversal_of_Fortune,Jeremy_Irons,"[50.762069, -1.298]"
Port_Talbot_Wales,1937-12-31,White,Straight,1992,Best_Actor,Silence_of_the_Lambs,Anthony_Hopkins,"[51.5912, -3.78]"
East_Harlem_New_York_City,1940-04-25,White,Straight,1993,Best_Actor,Scent_of_a_Woman,Al_Pacino,"[40.7947, -73.9422]"
Concord_Ca,,White,Straight,1994,Best_Actor,Philadelphia,Tom_Hanks,"[37.9779, -122.0311]"
Concord_Ca,,White,Straight,1995,Best_Actor,Forrest_Gump,Tom_Hanks,"[37.9779, -122.0311]"
Long_Beach_Ca,1964-01-07,White,Straight,1996,Best_Actor,Leaving_Las_Vegas,Nicolas_Cage,"[33.7701, -118.1937]"
Toowoomba_Queensland_Australia,1951-07-06,White,Straight,1997,Best_Actor,Shine,Geoffrey_Rush,"[-27.561, 151.953]"
New_York_City,1937-04-22,White,Straight,1997,Best_Actor,As_Good_as_It_Gets,Jack_Nicholson,"[40.712776, -74.005974]"
Misericordia_Arezzo_Tuscany_Italy,1952-10-27,White,Straight,1999,Best_Actor,Life_is_Beautiful,Roberto_Benigni,"[43.4632, 11.8795]"
South_Orange_Nj,1959-07-26,White,Matter of Dispute,2000,Best_Actor,American_Beauty,Kevin_Spacey,"[40.7492, -74.2611]"
Wellington_New_Zealand,1964-04-07,White,Straight,2001,Best_Actor,Gladiator,Russell_Crowe,"[-41.28664, 174.77557]"
Mount_Vernon_Ny,1954-12-28,Black,Straight,2002,Best_Actor,Training_Day,Denzel_Washington,"[40.9126, -73.8371]"
New_York_City,1973-04-14,White,Straight,2003,Best_Actor,The_Pianist,Adrien_Brody,"[40.712776, -74.005974]"
Burbank_Ca,1960-08-17,White,Straight,2003,Best_Actor,Mystic_River,Sean_Penn,"[34.1808, -118.3089]"
Terrell_Tx,1967-12-13,Black,Straight,2005,Best_Actor,Ray,Jamie_Foxx,"[32.7357, -96.2753]"
Fairport_Ny,1967-07-23,White,Straight,2006,Best_Actor,Capote,Philip_Seymour_Hoffman,"[43.1001, -77.4179]"
Longview_Tx,1961-07-15,Black,Straight,2007,Best_Actor,The_Last_King_of_Scotland,Forest_Whitaker,"[32.5007, -94.7405]"
London_England,1957-04-29,White,Straight,2008,Best_Actor,There_Will_Be_Blood,Daniel_DayLewis,"[51.507351, -0.127758]"
Burbank_Ca,1960-08-17,White,Straight,2009,Best_Actor,Milk,Sean_Penn,"[34.1808, -118.3089]"
Los_Angeles_Ca,1949-12-04,White,Straight,2010,Best_Actor,Crazy_Heart,Jeff_Bridges,"[34.052235, -118.243683]"
Grayshott_Hampshire_England,1960-09-10,White,Straight,2011,Best_Actor,The_Kings_Speech,Colin_Firth,"[51.1152, -0.7457]"
RueilMalmaison_HautsDeSeine_France,1972-06-19,White,Straight,2012,Best_Actor,The_Artist,Jean_Dujardin,"[48.876, 2.182]"
London_England,1957-04-29,White,Straight,2013,Best_Actor,Lincoln,Daniel_DayLewis,"[51.507351, -0.127758]"
Uvalde_Tx,1969-11-04,White,Straight,2014,Best_Actor,Dallas_Buyers_Club,Matthew_McConaughey,"[29.2097, -99.7861]"
Swampscott_Ma,1894-07-25,White,Straight,1938,Best_Supporting_Actor,Come_and_Get_It,Walter_Brennan,"[42.4709, -70.9196]"
Vienna_Austria,1896-03-22,White,Straight,1938,Best_Supporting_Actor,The_Life_of_Emile_Zola,Joseph_Schildkraut,"[48.208354, 16.372504]"
Swampscott_Ma,1894-07-25,White,Straight,1939,Best_Supporting_Actor,Kentucky,Walter_Brennan,"[42.4709, -70.9196]"
Elizabeth_Nj,1892-07-11,White,Straight,1940,Best_Supporting_Actor,Stagecoach,Thomas_Mitchell,"[40.6631, -74.2107]"
Swampscott_Ma,1894-07-25,White,Straight,1941,Best_Supporting_Actor,The_Westerner,Walter_Brennan,"[42.4709, -70.9196]"
London_England,1880-07-27,White,Straight,1942,Best_Supporting_Actor,How_Green_Was_My_Valley,Donald_Crisp,"[51.507351, -0.127758]"
Walters_Ok,1910-12-13,White,Straight,1943,Best_Supporting_Actor,Johnny_Eager,Van_Heflin,"[34.3626, -98.3052]"
Savannah_Ga,1877-06-17,White,Straight,1944,Best_Supporting_Actor,The_More_the_Merrier,Charles_Coburn,"[32.0836, -81.0998]"
Dublin_Ireland,1888-03-10,White,Straight,1945,Best_Supporting_Actor,Going_My_Way,Barry_Fitzgerald,"[53.3498, -6.2603]"
New_York_City,1901-11-02,White,Straight,1946,Best_Supporting_Actor,A_Tree_Grows_in_Brooklyn,James_Dunn,"[40.712776, -74.005974]"
North_Sydney_Nova_Scotia_Canada,1914-01-14,White,Straight,1947,Best_Supporting_Actor,The_Best_Years_of_Our_Lives,Harold_Russell,"[46.2487, -60.2519]"
Vale_of_Glamorgan_Wales,1875-09-26,White,Straight,1948,Best_Supporting_Actor,Miracle_on_34th_Street,Edmund_Gwenn,"[51.4274, -3.2694]"
Toronto_Ontario_Canada,1884-04-06,White,Straight,1949,Best_Supporting_Actor,The_Treasure_of_the_Sierra_Madre,Walter_Huston,"[43.6511, -79.383]"
Lima_Oh,1903-11-07,White,Straight,1950,Best_Supporting_Actor,Twelve_OClock_High,Dean_Jagger,"[40.7421, -84.1052]"
St_Petersburg_Russia,1906-07-03,White,Straight,1951,Best_Supporting_Actor,All_About_Eve,George_Sanders,"[59.9343, 30.3351]"
Chicago_Il,1912-03-22,White,Straight,1952,Best_Supporting_Actor,A_Streetcar_Named_Desire,Karl_Malden,"[41.878113, -87.629799]"
Chihuahua_Mexico,1915-04-21,Hispanic,Straight,1953,Best_Supporting_Actor,Viva_Zapata,Anthony_Quinn,"[28.6353, -106.0889]"
Hoboken_Nj,1915-12-12,White,Straight,1954,Best_Supporting_Actor,From_Here_to_Eternity,Frank_Sinatra,"[40.7434, -74.0324]"
New_York_City,1915-09-10,White,Straight,1955,Best_Supporting_Actor,The_Barefoot_Contessa,Edmond_OBrien,"[40.712776, -74.005974]"
Newton_Ma,1925-02-08,White,Straight,1956,Best_Supporting_Actor,Mister_Roberts,Jack_Lemmon,"[42.33698, -71.209221]"
Chihuahua_Mexico,1915-04-21,Hispanic,Straight,1957,Best_Supporting_Actor,Lust_for_Life,Anthony_Quinn,"[28.6353, -106.0889]"
New_York_City,1919-02-05,White,Straight,1958,Best_Supporting_Actor,Sayonara,Red_Buttons,"[40.712776, -74.005974]"
Hunt_City_Il,1909-06-14,White,Straight,1959,Best_Supporting_Actor,The_Big_Country,Burl_Ives,"[39.6797, -88.5289]"
Marian_Glas_Anglesey_Wales,1912-05-30,White,Straight,1960,Best_Supporting_Actor,BenHur,Hugh_Griffith,"[53.3554, -4.2445]"
London_England,1921-04-16,White,Straight,1961,Best_Supporting_Actor,Spartacus,Peter_Ustinov,"[51.507351, -0.127758]"
Norwood_Oh,1934-09-16,White,Gay,1962,Best_Supporting_Actor,West_Side_Story,George_Chakiris,"[39.1542, -84.4513]"
Hartford_Ct,1901-03-25,White,Straight,1963,Best_Supporting_Actor,Sweet_Bird_of_Youth,Ed_Begley_Sr,"[41.7658, -72.6734]"
Macon_Ga,1901-04-05,White,Straight,1964,Best_Supporting_Actor,Hud,Melvyn_Douglas,"[32.8407, -83.6324]"
London_England,1921-04-16,White,Straight,1965,Best_Supporting_Actor,Topkapi,Peter_Ustinov,"[51.507351, -0.127758]"
Bronx_Ny,1919-11-04,White,Straight,1966,Best_Supporting_Actor,A_Thousand_Clowns,Martin_Balsam,"[40.8448, -73.8648]"
New_York_City,1920-10-01,White,Straight,1967,Best_Supporting_Actor,The_Fortune_Cookie,Walter_Matthau,"[40.712776, -74.005974]"
New_York_City,1925-02-18,White,Straight,1968,Best_Supporting_Actor,Cool_Hand_Luke,George_Kennedy,"[40.712776, -74.005974]"
Malden_Ma,,White,Straight,1969,Best_Supporting_Actor,The_Subject_Was_Roses,Jack_Albertson,"[42.4251, -71.0662]"
St_Cloud_Mn,1913-11-04,White,Straight,1970,Best_Supporting_Actor,They_Shoot_Horses_Dont_They,Gig_Young,"[45.5579, -94.1632]"
Felixstowe_Suffolk_England,1908-02-22,White,Straight,1971,Best_Supporting_Actor,Ryans_Daughter,John_Mills,"[51.9634, 1.3512]"
Shidler_Ok,1918-06-13,White,Straight,1972,Best_Supporting_Actor,The_Last_Picture_Show,Ben_Johnson,"[36.8576, -96.667]"
Cleveland_Oh,1932-04-11,White,Gay,1973,Best_Supporting_Actor,Cabaret,Joel_Grey,"[41.4993, -81.6944]"
Bucharest_Romania,1902-09-22,White,Straight,1974,Best_Supporting_Actor,The_Paper_Chase,John_Houseman,"[44.4268, 26.1025]"
New_York_City,1943-08-17,White,Straight,1975,Best_Supporting_Actor,The_Godfather_Part_II,Robert_De_Niro,"[40.712776, -74.005974]"
New_York_City,1896-01-20,White,Straight,1976,Best_Supporting_Actor,The_Sunshine_Boys,George_Burns,"[40.712776, -74.005974]"
Chicago_Il,1922-07-26,White,Straight,1977,Best_Supporting_Actor,All_the_Presidents_Men,Jason_Robards,"[41.878113, -87.629799]"
Chicago_Il,1922-07-26,White,Straight,1978,Best_Supporting_Actor,Julia,Jason_Robards,"[41.878113, -87.629799]"
Astoria_Ny,1943-03-31,White,Straight,1979,Best_Supporting_Actor,The_Deer_Hunter,Christopher_Walken,"[40.7644, -73.9235]"
Macon_Ga,1901-04-05,White,Straight,1980,Best_Supporting_Actor,Being_There,Melvyn_Douglas,"[32.8407, -83.6324]"
Malibu_Ca,1960-08-16,White,Straight,1981,Best_Supporting_Actor,Oridnary_People,Timothy_Hutton,"[34.0259, -118.7798]"
London_England,1904-04-14,White,Gay,1982,Best_Supporting_Actor,Arthur,John_Gielgud,"[51.507351, -0.127758]"
Brooklyn_Ny,1936-05-27,Black,Straight,1983,Best_Supporting_Actor,An_Officer_and_a_Gentleman,Lou_Gossett_Jr,"[40.650002, -73.949997]"
New_York_City,1937-04-22,White,Straight,1984,Best_Supporting_Actor,Terms_of_Endearment,Jack_Nicholson,"[40.712776, -74.005974]"
Samrong_Young_Cambodia,1940-03-22,Asian,Straight,1985,Best_Supporting_Actor,The_Killing_Fields,Haing_S_Ngor,"[11.535, 104.9247]"
Kenosha_Wi,1904-05-31,White,Straight,1986,Best_Supporting_Actor,Cocoon,Don_Ameche,"[42.5847, -87.8212]"
Bermondsey_England,1933-03-14,White,Straight,1987,Best_Supporting_Actor,Hannah_and_Her_Sisters,Michael_Caine,"[51.4975, -0.08]"
Edinburgh_Scotland,1930-08-25,White,Straight,1988,Best_Supporting_Actor,The_Untouchables,Sean_Connery,"[55.9533, -3.1883]"
St_Louis_Mo,1947-10-24,White,Straight,1989,Best_Supporting_Actor,A_Fish_Called_Wanda,Kevin_Kline,"[38.627, -90.1994]"
Mount_Vernon_Ny,1954-12-28,Black,Straight,1990,Best_Supporting_Actor,Glory,Denzel_Washington,"[40.9126, -73.8371]"
Newark_Nj,1943-02-09,White,Straight,1991,Best_Supporting_Actor,Good_Fellas,Joe_Pesci,"[40.7357, -74.1724]"
Lattimer_Mines_Pa,1919-02-18,White,Straight,1992,Best_Supporting_Actor,City_Slickers,Jack_Palance,"[40.9832, -75.9666]"
San_Bernardino_Ca,1930-01-30,White,Straight,1993,Best_Supporting_Actor,Unforgiven,Gene_Hackman,"[34.10834, -117.289765]"
San_Saba_Tx,1946-09-15,White,Straight,1994,Best_Supporting_Actor,The_Fugitive,Tommy_Lee_Jones,"[31.1965, -98.717]"
Brooklyn_Ny,1931-06-20,White,Straight,1995,Best_Supporting_Actor,Ed_Wood,Martin_Landau,"[40.650002, -73.949997]"
South_Orange_Nj,1959-07-26,White,Matter of Dispute,1996,Best_Supporting_Actor,The_Usual_Suspects,Kevin_Spacey,"[40.7492, -74.2611]"
Bronx_Ny,1968-01-02,Black,Straight,1997,Best_Supporting_Actor,Jerry_Maguire,Cuba_Gooding_Jr,"[40.8448, -73.8648]"
Chicago_Il,1951-07-21,White,Straight,1998,Best_Supporting_Actor,Good_Will_Hunting,Robin_Williams,"[41.878113, -87.629799]"
Laurel_Ne,1928-08-31,White,Straight,1999,Best_Supporting_Actor,Affliction,James_Coburn,"[42.3947, -97.0991]"
Bermondsey_England,1933-03-14,White,Straight,2000,Best_Supporting_Actor,The_Cider_House_Rules,Michael_Caine,"[51.4975, -0.08]"
Santurce_Puerto_Rico,1967-02-19,Hispanic,Straight,2001,Best_Supporting_Actor,Traffic,Benicio_Del_Toro,"[18.439216, -66.061967]"
Lincoln_Lincolnshire_England,1949-05-24,White,Straight,2002,Best_Supporting_Actor,Iris,Jim_Broadbent,"[53.2307, -0.5407]"
Kansas_City_Mo,1951-07-09,White,Straight,2003,Best_Supporting_Actor,Adaptation,Chris_Cooper,"[39.099731, -94.578568]"
West_Covina_Ca,1958-10-16,White,Straight,2004,Best_Supporting_Actor,Mystic_River,Tim_Robbins,"[34.0686, -117.9389]"
Memphis_Tn,1937-06-01,Black,Straight,2005,Best_Supporting_Actor,Million_Dollar_Baby,Morgan_Freeman,"[35.1495, -90.049]"
Lexington_Ky,1961-05-06,White,Straight,2006,Best_Supporting_Actor,Syriana,George_Clooney,"[38.0406, -84.5037]"
Brooklyn_Ny,1934-03-26,White,Straight,2007,Best_Supporting_Actor,Little_Miss_Sunshine,Alan_Arkin,"[40.650002, -73.949997]"
Las_Palmas_De_Gran_Canaria_Canary_Islands,1969-03-01,Hispanic,Straight,2008,Best_Supporting_Actor,No_Country_for_Old_Men,Javier_Bardem,"[28.1248, -15.434]"
Perth_Australia,1979-04-04,White,Straight,2009,Best_Supporting_Actor,The_Dark_Knight,Heath_Ledger,"[-31.9505, 115.8605]"
Vienna_Austria,1956-10-04,White,Straight,2010,Best_Supporting_Actor,Inglourious_Basterds,Christoph_Waltz,"[48.208354, 16.372504]"
Haverfordwest_Pembrokeshire_Wales,,White,Straight,2011,Best_Supporting_Actor,The_Fighter,Christian_Bale,"[51.802, -4.971]"
Toronto_Ontario_Canada,,White,Straight,2012,Best_Supporting_Actor,Beginning,Christopher_Plummer,"[43.6511, -79.383]"
Vienna_Austria,1956-10-04,White,Straight,2013,Best_Supporting_Actor,Django_Unchained,Christoph_Waltz,"[48.208354, 16.372504]"
Bossier_City_La,,White,Straight,2014,Best_Supporting_Actor,Dallas_Buyers_Club,Jared_Leto,"[32.515, -93.7321]"
Philadelphia_Pa,,White,Straight,1929,Best_Actress,7th_Heaven,Janet_Gaynor,"[39.952583, -75.165222]"
Toronto_Ontario_Canada,1892-04-08,White,Straight,1930,Best_Actress,Coquette,Mary_Pickford,"[43.6511, -79.383]"
Montreal_Quebec_Canada,1902-08-10,White,Straight,1930,Best_Actress,The_Divorcee,Norma_Shearer,"[45.5017, -73.5673]"
Cobourg_Ontario_Canada,1868-11-02,White,Straight,1931,Best_Actress,Min_and_Bill,Marie_Dressler,"[43.9598, -78.1652]"
Washington_Dc,1900-10-10,White,Straight,1932,Best_Actress,The_Sin_of_Madelon_Claudet,Helen_Hayes,"[38.89511, -77.03637]"
Hartford_Ct,,White,Bisexual,1934,Best_Actress,Morning_Glory,Katharine_Hepburn,"[41.7658, -72.6734]"
Paris_France,1903-09-13,White,Straight,1935,Best_Actress,It_Happened_One_Night,Claudette_Colbert,"[48.856613, 2.352222]"
Lowell_Ma,,White,Straight,1936,Best_Actress,Dangerous,Bette_Davis,"[42.6334, -71.3162]"
Dusseldorf_Germany,,White,Straight,1937,Best_Actress,The_Great_Ziegfeld,Luise_Rainer,"[51.2277, 6.7735]"
Dusseldorf_Germany,,White,Straight,1938,Best_Actress,The_Good_Earth,Luise_Rainer,"[51.2277, 6.7735]"
Lowell_Ma,,White,Straight,1939,Best_Actress,Jezebel,Bette_Davis,"[42.6334, -71.3162]"
Darjeeling_India,,White,Straight,1940,Best_Actress,Gone_with_the_Wind,Vivien_Leigh,"[27.0478, 88.2636]"
Independence_Mo,,White,Straight,1941,Best_Actress,Kitty_Foyle,Ginger_Rogers,"[39.0911, -94.4155]"
Tokyo_Japan,,White,Straight,1940,Best_Actress,Suspicion,Joan_Fontaine,"[35.682839, 139.759455]"
London_England,,White,Straight,1942,Best_Actress,Mrs_Miniver,Greer_Garson,"[51.507351, -0.127758]"
Tulsa_Ok,,White,Straight,1944,Best_Actress,The_Song_of_Bernadette,Jennifer_Jones,"[36.154, -95.9928]"
Stockholm_Sweden,,White,Straight,1945,Best_Actress,Gaslight,Ingrid_Bergman,"[59.3293, 18.0686]"
San_Antonio_Tx,,White,Bisexual,1946,Best_Actress,Mildred_Pierce,Joan_Crawford,"[29.4241, -98.4936]"
Tokyo_Japan,,White,Straight,1947,Best_Actress,To_Each_His_Own,Olivia_de_Havilland,"[35.682839, 139.759455]"
Salt_Lake_City_Ut,,White,Straight,1948,Best_Actress,The_Farmers_Daughter,Loretta_Young,"[40.760779, -111.891047]"
St_Joseph_Mo,,White,Straight,1949,Best_Actress,Johnny_Belinda,Jane_Wyman,"[39.7675, -94.8467]"
Tokyo_Japan,,White,Straight,1950,Best_Actress,The_Heiress,Olivia_de_Havilland,"[35.682839, 139.759455]"
New_York_City,,White,Straight,1951,Best_Actress,Born_Yesterday,Judy_Holliday,"[40.712776, -74.005974]"
Darjeeling_India,,White,Straight,1952,Best_Actress,A_Streetcar_Named_Desire,Vivien_Leigh,"[27.0478, 88.2636]"
New_York_City,1898-08-30,White,Straight,1953,Best_Actress,Come_Back_Little_Sheba,Shirley_Booth,"[40.712776, -74.005974]"
Brussels_Belgium,,White,Straight,1954,Best_Actress,Roman_Holiday,Audrey_Hepburn,"[50.8503, 4.3517]"
Philadelphia_Pa,,White,Straight,1955,Best_Actress,The_Country_Girl,Grace_Kelly,"[39.952583, -75.165222]"
Rome_Italy,,White,Straight,1956,Best_Actress,The_Rose_Tattoo,Anna_Magnani,"[41.9028, 12.4964]"
Stockholm_Sweden,,White,Straight,1957,Best_Actress,Anastasia,Ingrid_Bergman,"[59.3293, 18.0686]"
Thomasville_Ga,,White,Straight,1958,Best_Actress,The_Three_Faces_of_Eve,Joanne_Woodward,"[30.8368, -83.9787]"
Brooklyn_Ny,,White,Straight,1959,Best_Actress,I_Want_To_Live,Susan_Hayward,"[40.650002, -73.949997]"
Wiesbaden_Germany,,White,Straight,1960,Best_Actress,Room_at_the_Top,Simone_Signoret,"[50.0782, 8.2398]"
London_England,1932-02-27,White,Straight,1961,Best_Actress,Butterfield_8,Elizabeth_Taylor,"[51.507351, -0.127758]"
Pozzuoli_Italy,,White,Straight,1962,Best_Actress,Two_Women,Sophia_Loren,"[40.8223, 14.1097]"
Bronx_Ny,,White,Straight,1963,Best_Actress,The_Miracle_Worker,Anne_Bancroft,"[40.8448, -73.8648]"
Packard_Ky,,White,Straight,1964,Best_Actress,Hud,Patricia_Neal,"[37.6889, -83.3037]"
WaltononThames_Surrey_England,,White,Straight,1965,Best_Actress,Mary_Poppins,Julie_Andrews,"[51.3854, -0.4162]"
Chabua_Assam_India,,White,Straight,1966,Best_Actress,Darling,Julie_Christie,"[27.4833, 95.1833]"
London_England,1932-02-27,White,Straight,1967,Best_Actress,Whos_Afraid_of_Virginia_Woolf,Elizabeth_Taylor,"[51.507351, -0.127758]"
Hartford_Ct,,White,Bisexual,1968,Best_Actress,Guess_Whos_Coming_to_Dinner,Katharine_Hepburn,"[41.7658, -72.6734]"
Brooklyn_Ny,,White,Straight,1969,Best_Actress,Funny_Girl,Barbra_Streisand,"[40.650002, -73.949997]"
Hartford_Ct,,White,Bisexual,1969,Best_Actress,The_Lion_in_Winter,Katharine_Hepburn,"[41.7658, -72.6734]"
Ilford_Essex_England,1934-12-28,White,Straight,1970,Best_Actress,The_Prime_of_Miss_Jean_Brodie,Maggie_Smith,"[51.556, 0.0781]"
Birkenhead_Cheshire_England,,White,Straight,1971,Best_Actress,Women_in_Love,Glenda_Jackson,"[53.388, -3.0326]"
New_York_City,,White,Straight,1972,Best_Actress,Klute,Jane_Fonda,"[40.712776, -74.005974]"
Los_Angeles_Ca,,White,Straight,1973,Best_Actress,Cabaret,Liza_Minnelli,"[34.052235, -118.243683]"
Birkenhead_Cheshire_England,,White,Straight,1974,Best_Actress,A_Touch_of_Class,Glenda_Jackson,"[53.388, -3.0326]"
Detroit_Mi,,White,Straight,1975,Best_Actress,Alice_Doesnt_Live_Here_Anymore,Ellen_Burstyn,"[42.331429, -83.045753]"
Birmingham_Al,,White,Straight,1976,Best_Actress,One_Flew_Over_the_Cuckoos_Nest,Louise_Fletcher,"[33.5207, -86.8025]"
Bascom_Fl,1941-01-14,White,Straight,1977,Best_Actress,Network,Faye_Dunaway,"[30.8383, -85.1047]"
Los_Angeles_Ca,,White,Straight,1978,Best_Actress,Annie_Hall,Diane_Keaton,"[34.052235, -118.243683]"
New_York_City,,White,Straight,1979,Best_Actress,Coming_Home,Jane_Fonda,"[40.712776, -74.005974]"
Pasadena_Ca,,White,Straight,1980,Best_Actress,Norma_Rae,Sally_Field,"[34.147785, -118.144515]"
Quitman_Tx,,White,Straight,1981,Best_Actress,Coal_Miners_Daughter,Sissy_Spacek,"[32.7966, -95.4435]"
Hartford_Ct,,White,Bisexual,1982,Best_Actress,On_Golden_Pond,Katharine_Hepburn,"[41.7658, -72.6734]"
Summit_Nj,,White,Straight,1983,Best_Actress,Sophies_Choice,Meryl_Streep,"[40.7159, -74.3646]"
Richmond_Va,,White,Straight,1984,Best_Actress,Terms_of_Endearment,Shirley_MacLaine,"[37.540726, -77.43605]"
Pasadena_Ca,,White,Straight,1985,Best_Actress,Places_in_the_Heart,Sally_Field,"[34.147785, -118.144515]"
Kirksville_Mo,,White,Straight,1986,Best_Actress,The_Trip_to_Bountiful,Geraldine_Page,"[40.1948, -92.5833]"
Morton_Grove_Il,,White,Straight,1987,Best_Actress,Children_of_a_Lesser_God,Marlee_Matlin,"[42.0406, -87.7825]"
El_Centro_Ca,,White,Bisexual,1988,Best_Actress,Moonstruck,Cher,"[32.792, -115.5631]"
Los_Angeles_Ca,,White,Lesbian,1989,Best_Actress,The_Accused,Jodie_Foster,"[34.052235, -118.243683]"
London_England,,White,Straight,1990,Best_Actress,Driving_Miss_Daisy,Jessica_Tandy,"[51.507351, -0.127758]"
Memphis_Tn,,White,Straight,1991,Best_Actress,Misery,Kathy_Bates,"[35.1495, -90.049]"
Los_Angeles_Ca,,White,Lesbian,1992,Best_Actress,The_Silence_of_the_Lambs,Jodie_Foster,"[34.052235, -118.243683]"
London_England,,White,Straight,1993,Best_Actress,Howards_End,Emma_Thompson,"[51.507351, -0.127758]"
Conyers_Ga,,White,Straight,1994,Best_Actress,The_Piano,Holly_Hunter,"[33.6676, -84.0177]"
Cloquet_Mn,,White,Straight,1995,Best_Actress,Blue_Sky,Jessica_Lange,"[46.7219, -92.4618]"
Queens_Ny,,White,Straight,1996,Best_Actress,Dead_Man_Walking,Susan_Sarandon,"[40.7282, -73.7949]"
Chicago_Il,,White,Straight,1997,Best_Actress,Fargo,Frances_McDormand,"[41.878113, -87.629799]"
Culver_City_Ca,,White,Straight,1998,Best_Actress,As_Good_As_It_Gets,Helen_Hunt,"[34.0219, -118.3965]"
Los_Angeles_Ca,1972-09-27,White,Straight,1999,Best_Actress,Shakespeare_in_Love,Gwyneth_Paltrow,"[34.052235, -118.243683]"
Lincoln_Ne,1974-07-30,White,Straight,2000,Best_Actress,Boys_Dont_Cry,Hilary_Swank,"[40.8136, -96.7026]"
Smyrna_Ga,,White,Straight,2001,Best_Actress,Erin_Brockovich,Julia_Roberts,"[33.8834, -84.5144]"
Cleveland_Oh,,Multiracial,Straight,2002,Best_Actress,Monsters_Ball,Halle_Berry,"[41.4993, -81.6944]"
Honolulu_Hi,,White,Straight,2003,Best_Actress,The_Hours,Nicole_Kidman,"[21.3069, -157.8583]"
Benoni_South_Africa,,White,Straight,2004,Best_Actress,Monster,Charlize_Theron,"[-26.1885, 28.32]"
Lincoln_Ne,1974-07-30,White,Straight,2005,Best_Actress,Million_Dollar_Baby,Hilary_Swank,"[40.8136, -96.7026]"
New_Orleans_La,,White,Straight,2006,Best_Actress,Walk_the_Line,Reese_Witherspoon,"[29.9511, -90.0715]"
Chiswick_London_England,,White,Straight,2007,Best_Actress,The_Queen,Helen_Mirren,"[51.4892, -0.261]"
Paris_France,,White,Straight,2008,Best_Actress,The_Passionate_Life_of_Edith_Piaf,Marion_Cotillard,"[48.856613, 2.352222]"
Reading_England,,White,Straight,2009,Best_Actress,The_Reader,Kate_Winslet,"[51.4543, -0.9781]"
Arlington_Va,,White,Straight,2010,Best_Actress,The_Blind_Side,Sandra_Bullock,"[38.8816, -77.091]"
Jerusalem_Israel,,White,Straight,2011,Best_Actress,Black_Swan,Natalie_Portman,"[31.7683, 35.2137]"
Summit_Nj,,White,Straight,2012,Best_Actress,The_Iron_Lady,Meryl_Streep,"[40.7159, -74.3646]"
Louisville_Ky,,White,Straight,2013,Best_Actress,Silver_Linings_Playbook,Jennifer_Lawrence,"[38.2527, -85.7585]"
Melbourne_Victoria_Australia,,White,Straight,2014,Best_Actress,Blue_Jasmine,Cate_Blanchett,"[-37.8136, 144.9631]"
Litchfield_Mn,1899-02-15,White,Straight,1937,Best_Supporting_Actress,Anthony_Adverse,Gale_Sondergaard,"[45.1276, -94.5265]"
New_York_City,1892-11-02,White,Straight,1938,Best_Supporting_Actress,In_Old_Chicago,Alice_Brady,"[40.712776, -74.005974]"
Los_Angeles_Ca,1891-12-07,White,Straight,1939,Best_Supporting_Actress,Jezebel,Fay_Bainter,"[34.052235, -118.243683]"
Wichita_Ks,1893-06-10,Black,Matter of Dispute,1940,Best_Supporting_Actress,Gone_with_the_Wind,Hattie_McDaniel,"[37.6872, -97.3301]"
Palmyra_Mo,1879-10-15,White,Straight,1941,Best_Supporting_Actress,The_Grapes_of_Wrath,Jane_Darwell,"[39.7947, -91.5225]"
Quincy_Il,1906-05-03,White,Straight,1942,Best_Supporting_Actress,The_Great_Lie,Mary_Astor,"[39.9356, -91.4099]"
New_York_City,,White,Straight,1943,Best_Supporting_Actress,Mrs_Miniver,Teresa_Wright,"[40.712776, -74.005974]"
Athens_Greece,1900-12-17,White,Straight,1944,Best_Supporting_Actress,For_Whom_the_Bell_Tolls,Katina_Paxinou,"[37.9838, 23.7275]"
Philadelphia_Pa,1879-08-15,White,Straight,1945,Best_Supporting_Actress,None_but_the_Lonely_Heart,Ethel_Barrymore,"[39.952583, -75.165222]"
New_York_City,1903-06-25,White,Straight,1946,Best_Supporting_Actress,National_Velvet,Anne_Revere,"[40.712776, -74.005974]"
Michigan_City_In,,White,Straight,1947,Best_Supporting_Actress,The_Razors_Edge,Anne_Baxter,"[41.7075, -86.895]"
New_York_City,,White,Straight,1948,Best_Supporting_Actress,Gentlemans_Agreement,Celeste_Holm,"[40.712776, -74.005974]"
New_York_City,,White,Straight,1949,Best_Supporting_Actress,Key_Largo,Claire_Trevor,"[40.712776, -74.005974]"
Joliet_Il,,White,Straight,1950,Best_Supporting_Actress,All_the_Kings_Men,Mercedes_McCambridge,"[41.525, -88.0817]"
Newtonville_Ma,1886-01-03,White,Straight,1951,Best_Supporting_Actress,Harvey,Josephine_Hull,"[42.3523, -71.2071]"
Detroit_Mi,,White,Straight,1952,Best_Supporting_Actress,A_Streetcar_Named_Desire,Kim_Hunter,"[42.331429, -83.045753]"
Los_Angeles_Ca,,White,Straight,1953,Best_Supporting_Actress,The_Bad_and_the_Beautiful,Gloria_Grahame,"[34.052235, -118.243683]"
Denison_Ia,,White,Straight,1954,Best_Supporting_Actress,From_Here_to_Eternity,Donna_Reed,"[42.0256, -95.353]"
Newark_Nj,,White,Straight,1955,Best_Supporting_Actress,On_the_Waterfront,Eva_Marie_Saint,"[40.7357, -74.1724]"
Oakland_Ca,,White,Straight,1956,Best_Supporting_Actress,East_of_Eden,Jo_Van_Fleet,"[37.804363, -122.271111]"
Chicago_Il,,White,Straight,1957,Best_Supporting_Actress,Written_on_the_Wind,Dorothy_Malone,"[41.878113, -87.629799]"
Otaro_Hokkaido_Japan,,Asian,Straight,1958,Best_Supporting_Actress,Sayonara,Miyoshi_Umeki,"[43.0621, 141.3544]"
Bramhall_Cheshire_England,,White,Straight,1959,Best_Supporting_Actress,Separate_Tables,Wendy_Hiller,"[53.36, -2.158]"
St_Louis_Mo,,White,Straight,1960,Best_Supporting_Actress,The_Diary_of_Anne_Frank,Shelley_Winters,"[38.627, -90.1994]"
Charleroi_Pa,,White,Straight,1961,Best_Supporting_Actress,Elmer_Gantry,Shirley_Jones,"[40.1726, -79.994]"
Humacao_Puerto_Rico,,Hispanic,Straight,1962,Best_Supporting_Actress,West_Side_Story,Rita_Moreno,"[18.1546, -65.8278]"
Elmhurst_Ny,,White,Straight,1963,Best_Supporting_Actress,The_Miracle_Worker,Patty_Duke,"[40.7376, -73.8785]"
London_England,1892-05-11,White,Straight,1964,Best_Supporting_Actress,the_VIPs,Margaret_Rutherford,"[51.507351, -0.127758]"
St_Petersburg_Russia,,White,Straight,1965,Best_Supporting_Actress,Zorba_the_Greek,Lila_Kedrova,"[59.9343, 30.3351]"
St_Louis_Mo,,White,Straight,1966,Best_Supporting_Actress,A_Patch_of_Blue,Shelley_Winters,"[38.627, -90.1994]"
Hastings_Ne,,White,Bisexual,1967,Best_Supporting_Actress,Whos_Afraid_of_Virginia_Woolf,Sandy_Dennis,"[40.5865, -98.3912]"
Marblehead_Ma,,White,Straight,1968,Best_Supporting_Actress,Bonnie_and_Clyde,Estelle_Parsons,"[42.5001, -70.8578]"
Quincy_Ma,1896-10-30,White,Straight,1969,Best_Supporting_Actress,Rosemarys_Baby,Ruth_Gordon,"[42.2529, -71.0023]"
Silver_Spring_Md,,White,Straight,1970,Best_Supporting_Actress,Cactus_Flower,Goldie_Hawn,"[39.0046, -77.0369]"
Washington_Dc,1900-10-10,White,Straight,1971,Best_Supporting_Actress,Airport,Helen_Hayes,"[38.89511, -77.03637]"
Des_Moines_Ia,,White,Straight,1972,Best_Supporting_Actress,The_Last_Picture_Show,Cloris_Leachman,"[41.591, -93.6037]"
Columbus_Oh,,White,Straight,1973,Best_Supporting_Actress,Butterflies_Are_Free,Eileen_Heckart,"[39.961178, -82.998795]"
Los_Angeles_Ca,,White,Straight,1974,Best_Supporting_Actress,Paper_Moon,Tatum_ONeal,"[34.052235, -118.243683]"
Stockholm_Sweden,,White,Straight,1975,Best_Supporting_Actress,Murder_on_the_Orient_Express,Ingrid_Bergman,"[59.3293, 18.0686]"
New_York_City,,White,Straight,1976,Best_Supporting_Actress,Shampoo,Lee_Grant,"[40.712776, -74.005974]"
Old_Westbury_Ny,,White,Straight,1977,Best_Supporting_Actress,Network,Beatrice_Straight,"[40.7759, -73.5931]"
London_England,,White,Straight,1978,Best_Supporting_Actress,Julia,Vanessa_Redgrave,"[51.507351, -0.127758]"
Ilford_Essex_England,1934-12-28,White,Straight,1979,Best_Supporting_Actress,California_Suite,Maggie_Smith,"[51.556, 0.0781]"
Summit_Nj,,White,Straight,1980,Best_Supporting_Actress,Kramer_vs_Kramer,Meryl_Streep,"[40.7159, -74.3646]"
Newport_Ar,,White,Straight,1981,Best_Supporting_Actress,Melvin_and_Howard,Mary_Steenburgen,"[35.6048, -91.2826]"
Troy_Ny,,White,Straight,1982,Best_Supporting_Actress,Reds,Maureen_Stapleton,"[42.7284, -73.6918]"
Cloquet_Mn,,White,Straight,1983,Best_Supporting_Actress,Tootsie,Jessica_Lange,"[46.7219, -92.4618]"
Morristown_Nj,,White,Straight,1984,Best_Supporting_Actress,The_Year_of_Living_Dangerously,Linda_Hunt,"[40.7968, -74.4815]"
Croydon_Surrey_England,,White,Straight,1985,Best_Supporting_Actress,A_Passage_to_India,Peggy_Ashcroft,"[51.376165, -0.098234]"
Santa_Monica_Ca,,White,Straight,1986,Best_Supporting_Actress,Prizzis_Honor,Anjelica_Huston,"[34.019394, -118.491191]"
Kansas_City_Mo,,White,Straight,1987,Best_Supporting_Actress,Hannah_and_Her_Sisters,Dianne_Wiest,"[39.099731, -94.578568]"
Lowell_Ma,,White,Straight,1988,Best_Supporting_Actress,Moonstruck,Olympia_Dukakis,"[42.6334, -71.3162]"
Wareham_Ma,,White,Straight,1989,Best_Supporting_Actress,The_Accidental_Tourist,Geena_Davis,"[41.7598, -70.7222]"
Dublin_Ireland,,White,Straight,1990,Best_Supporting_Actress,My_Left_Foot,Brenda_Fricker,"[53.3498, -6.2603]"
New_York_City,,Black,Straight,1991,Best_Supporting_Actress,Ghost,Whoopi_Goldberg,"[40.712776, -74.005974]"
Queens_Ny,,Hispanic,Straight,1992,Best_Supporting_Actress,The_Fisher_King,Mercedes_Ruehl,"[40.7282, -73.7949]"
Brooklyn_Ny,,White,Straight,1993,Best_Supporting_Actress,My_Cousin_Vinny,Marisa_Tomei,"[40.650002, -73.949997]"
Winnipeg_Manitoba_Canada,,White,Bisexual,1994,Best_Supporting_Actress,The_Piano,Anna_Paquin,"[49.8951, -97.1384]"
Kansas_City_Mo,,White,Straight,1995,Best_Supporting_Actress,Bullets_Over_Broadway,Dianne_Wiest,"[39.099731, -94.578568]"
Tenafly_Nj,,White,Straight,1996,Best_Supporting_Actress,Mighty_Aphrodite,Mira_Sorvino,"[40.9254, -73.9625]"
Paris_France,,White,Straight,1997,Best_Supporting_Actress,The_English_Patient,Juliette_Binoche,"[48.856613, 2.352222]"
Athens_Ga,,White,Straight,1998,Best_Supporting_Actress,LA_Confidential,Kim_Basinger,"[33.9519, -83.3576]"
York_North_Yorkshire_England,,White,Straight,1999,Best_Supporting_Actress,Shakespeare_in_Love,Judi_Dench,"[53.9591, -1.0815]"
Los_Angeles_Ca,1975-06-04,White,Bisexual,2000,Best_Supporting_Actress,Girl_Interrupted,Angelina_Jolie,"[34.052235, -118.243683]"
La_Jolla_Ca,1959-08-14,White,Straight,2001,Best_Supporting_Actress,Pollock,Marcia_Gay_Harden,"[32.832811, -117.271272]"
Catskill_Mountains_Ny,,White,Straight,2002,Best_Supporting_Actress,A_Beautiful_Mind,Jennifer_Connelly,"[42.1957, -74.1332]"
Mumbles_Wales,,White,Straight,2003,Best_Supporting_Actress,Chicago,Catherine_ZetaJones,"[51.568, -3.9763]"
Katy_Tx,,White,Straight,2004,Best_Supporting_Actress,Cold_Mountain,RenÌe_Zellweger,"[29.7858, -95.8244]"
Melbourne_Victoria_Australia,,White,Straight,2005,Best_Supporting_Actress,The_Aviator,Cate_Blanchett,"[-37.8136, 144.9631]"
London_England,1971-03-07,White,Straight,2006,Best_Supporting_Actress,The_Constant_Gardener,Rachel_Weisz,"[51.507351, -0.127758]"
Chicago_Il,,Black,Straight,2007,Best_Supporting_Actress,Dreamgirls,Jennifer_Hudson,"[41.878113, -87.629799]"
London_England,,White,Straight,2007,Best_Supporting_Actress,Michael_Clayton,Tilda_Swinton,"[51.507351, -0.127758]"
Madrid_Spain,,Hispanic,Straight,2009,Best_Supporting_Actress,Vicky_Cristina_Barcelona,Penelope_Cruz,"[40.4168, -3.7038]"
Woodlawn_Md,,Black,Straight,2010,Best_Supporting_Actress,Precious,MoNique,"[39.3051, -76.772]"
New_York_City,,White,Straight,2011,Best_Supporting_Actress,The_Fighter,Melissa_Leo,"[40.712776, -74.005974]"
Montgomery_Al,,Black,Straight,2012,Best_Supporting_Actress,The_Help,Octavia_Spencer,"[32.3668, -86.3006]"
Brooklyn_Ny,,White,Straight,2013,Best_Supporting_Actress,Les_MisÌrables,Anne_Hathaway,"[40.650002, -73.949997]"
Mexico_City_Mexico,,Black,Straight,2014,Best_Supporting_Actress,12_Years_a_Slave,Lupita_Nyongo,"[19.4326, -99.1332]"
Sucha_Galicia_Austria,,White,Straight,1961,Best_Director,The_Apartment,Billy_Wilder,"[49.634785, 22.67423]"
Independence_Mo,,White,Straight,1941,Best_Actress,Kitty_Foyle,Ginger_Rogers,"[39.0911, -94.4155]"
Concord_Ca,,White,Straight,1994,Best_Actor,Philadelphia,Tom_Hanks,"[37.9779, -122.0311]"
New_York_City,1939-02-03,White,Straight,1979,Best_Director,The_Deer_Hunter,Michael_Cimino,"[40.712776, -74.005974]"
Quincy_Il,1906-05-03,White,Straight,1942,Best_Supporting_Actress,The_Great_Lie,Mary_Astor,"[39.9356, -91.4099]"
Los_Angeles_Ca,1975-06-04,White,Bisexual,2000,Best_Supporting_Actress,Girl_Interrupted,Angelina_Jolie,"[34.052235, -118.243683]"
New_York_City,,White,Straight,1976,Best_Supporting_Actress,Shampoo,Lee_Grant,"[40.712776, -74.005974]"
New_York_City,1903-06-25,White,Straight,1946,Best_Supporting_Actress,National_Velvet,Anne_Revere,"[40.712776, -74.005974]"
Bascom_Fl,1941-01-14,White,Straight,1977,Best_Actress,Network,Faye_Dunaway,"[30.8383, -85.1047]"
Walters_Ok,1910-12-13,White,Straight,1943,Best_Supporting_Actor,Johnny_Eager,Van_Heflin,"[34.3626, -98.3052]"
Thomasville_Ga,,White,Straight,1958,Best_Actress,The_Three_Faces_of_Eve,Joanne_Woodward,"[30.8368, -83.9787]"
Helena_Mt,1901-05-07,White,Straight,1953,Best_Actor,High_Noon,Gary_Cooper,"[46.58976, -112.03912]"
London_England,1932-02-27,White,Straight,1967,Best_Actress,Whos_Afraid_of_Virginia_Woolf,Elizabeth_Taylor,"[51.507351, -0.127758]"
Lincoln_Ne,1974-07-30,White,Straight,2005,Best_Actress,Million_Dollar_Baby,Hilary_Swank,"[40.8136, -96.7026]"
Lincoln_Ne,1974-07-30,White,Straight,2005,Best_Actress,Million_Dollar_Baby,Hilary_Swank,"[40.8136, -96.7026]"
Los_Angeles_Ca,1972-09-27,White,Straight,1999,Best_Actress,Shakespeare_in_Love,Gwyneth_Paltrow,"[34.052235, -118.243683]"
Malden_Ma,,White,Straight,1969,Best_Supporting_Actor,The_Subject_Was_Roses,Jack_Albertson,"[42.4251, -71.0662]"
Woodlawn_Md,,Black,Straight,2010,Best_Supporting_Actress,Precious,MoNique,"[39.3051, -76.772]"
La_Jolla_Ca,1959-08-14,White,Straight,2001,Best_Supporting_Actress,Pollock,Marcia_Gay_Harden,"[32.832811, -117.271272]"
Ilford_Essex_England,1934-12-28,White,Straight,1970,Best_Actress,The_Prime_of_Miss_Jean_Brodie,Maggie_Smith,"[51.556, 0.0781]"
London_England,1971-03-07,White,Straight,2006,Best_Supporting_Actress,The_Constant_Gardener,Rachel_Weisz,"[51.507351, -0.127758]"
Manchester_England,1956-10-20,White,Straight,2009,Best_Director,Slumdog_Millionaire,Danny_Boyle,"[53.480759, -2.242631]"
Chicago_Il,1922-07-26,White,Straight,1977,Best_Supporting_Actor,All_the_Presidents_Men,Jason_Robards,"[41.878113, -87.629799]"
Laurel_Ne,1928-08-31,White,Straight,1999,Best_Supporting_Actor,Affliction,James_Coburn,"[42.3947, -97.0991]"
Nevada_Mo,,White,Straight,1949,Best_Director,The_Treasure_of_the_Sierra_Madre,John_Huston,"[37.839333, -94.354869]"
